{
    "nodes": [
        {
            "id": "CONTROL 1.1.10.10",
            "fill": {
                "src": "icon/CONTROL.png"
              },
            "group": "Conrol Center",
            "x": 100,
            "y": -200
        },
        {
            "id": "CONTROL SW",
            "fill": {
                "src": "icon/CONTROL_SW.png"
              },
            "group": "Conrol Center",
            "x": 0,
            "y": -200
        },
        {
            "id": "WAN R1",
            "fill": {
                "src": "icon/WAN.png"
              },
            "group": "Conrol Center",
            "x": -50,
            "y": -130
        },
        {
            "id": "WAN R2",
            "fill": {
                "src": "icon/WAN.png"
              },
              "group": "Conrol Center",
              "x": 50,
              "y": -130
        },
        {
            "id": "DSS1 GW",
            "fill": {
                "src": "icon/DSS1_GW.png"
              },
              "group": "DSS1 GW",
              "shape": "circle",
              "x": -500,
              "y": -50
        },
        {
            "id": "DSS1 RTU",
            "fill": {
                "src": "icon/DSS1_RTU.png"
              },
              "group": "DSS1 RTU",
              "x": -500,
              "y": 50
        },
        {
          "id": "DSS1 15",
          "fill": {
            "src": "icon/DSS1_SENSOR1.png"
          },
          "group": "DSS1 15",
          "x": -660,
          "y": 150
        },
        {
          "id": "DSS1 16",
          "fill": {
            "src": "icon/DSS1_SENSOR1.png"
          },
          "group": "DSS1 16",
          "x": -580,
          "y": 150
        },
        {
          "id": "DSS1 19",
          "fill": {
            "src": "icon/DSS1_SENSOR1.png"
          },
          "group": "DSS1 19",
          "x": -500,
          "y": 150
        },
        {
          "id": "DSS1 23",
          "fill": {
            "src": "icon/DSS1_SENSOR1.png"
          },
          "group": "DSS1 23",
          "x": -420,
          "y": 150
        },
        {
          "id": "DSS1 24",
          "fill": {
            "src": "icon/DSS1_SENSOR2.png"
          },
          "group": "DSS1 24",
          "x": -340,
          "y": 150
        },
        {
            "id": "DSS2 GW",
            "fill": {
                "src": "icon/DSS2_GW.png"
              },
              "group": "DSS2 GW",
              "shape": "circle",
              "x": 500,
              "y": -50
        },
        {
            "id": "DSS2 RTU",
            "fill": {
                "src": "icon/DSS2_RTU.png"
              },
              "group": "DSS2 RTU",
              "x": 500,
              "y": 50
        },
        {
          "id": "DSS2 15",
          "fill": {
            "src": "icon/DSS2_SENSOR1.png"
          },
          "group": "DSS2 15",
          "x": 340,
          "y": 150
        },
        {
          "id": "DSS2 16",
          "fill": {
            "src": "icon/DSS2_SENSOR1.png"
          },
          "group": "DSS2 16",
          "x": 420,
          "y": 150
        },
        {
          "id": "DSS2 19",
          "fill": {
            "src": "icon/DSS2_SENSOR1.png"
          },
          "group": "DSS2 19",
          "x": 500,
          "y": 150
        },
        {
          "id": "DSS2 23",
          "fill": {
            "src": "icon/DSS2_SENSOR1.png"
          },
          "group": "DSS2 23",
          "x": 580,
          "y": 150
        },
        {
          "id": "DSS2 24",
          "fill": {
            "src": "icon/DSS2_SENSOR2.png"
          },
          "group": "DSS2 24",
          "x": 660,
          "y": 150
        },
        
        {
            "id": "DPS GW",
            "fill": {
                "src": "icon/switch_purple.png"
              },
              "group": "DPS",
              "x": 0,
              "y": -70
        },
        {
            "id": "DPS RS",
            "fill": {
                "src": "icon/switch_purple.png"
              },
              "group": "DPS",
              "x": 0,
              "y": 0

        },
        {
            "id": "DPS HV",
            "fill": {
                "src": "icon/switch_purple.png"
              },
              "group": "DPS",
              "x": -170,
              "y": 0
        },
        {
            "id": "DPS MV",
            "fill": {
                "src": "icon/switch_purple.png"
              },
              "group": "DPS",
              "x": 170,
              "y": 0
        },
        {
            "id": "IED1 1.1.3.1",
            "fill": {
                "src": "icon/terminal_purple.png"
              },
              "group": "IED1",
              "x": -260,
              "y": 60
        },
        {
            "id": "IED2 1.1.3.2",
            "fill": {
                "src": "icon/terminal_purple.png"
              },
              "group": "IED2",
              "x": -80,
              "y": 60
        },
        {
            "id": "DPS HMI 1.1.3.10",
            "fill": {
                "src": "icon/terminal_purple.png"
              },
              "group": "DPS",
              "x": 0,
              "y": 170
        },
        {
            "id": "IED3 1.1.3.3",
            "fill": {
                "src": "icon/terminal_purple.png"
              },
              "group": "IED3",
              "x": 80,
              "y": 60
        },
        {
            "id": "IED4 1.1.3.4",
            "fill": {
                "src": "icon/terminal_purple.png"
              },
              "group": "IED4",
              "x": 260,
              "y": 60
        },
     {
            "id": "Circuit Breaker HV",
            "fill": {
                "src": "icon/cb.png"
              },
              "group": "CB1",
              "x": -260,
              "y": 250
        },
      {
            "id": "Circuit Breaker MV",
            "fill": {
                "src": "icon/cb.png"
              },
              "group": "CB2",
              "x": 260,
              "y": 250
        }
    ],
    "edges": [
        { "from": "CONTROL 1.1.10.10", "to": "CONTROL SW" },
        { "from": "CONTROL SW", "to": "WAN R1" },
        { "from": "CONTROL SW", "to": "DPS GW" },
        { "from": "CONTROL SW", "to": "WAN R2" },
        { "from": "WAN R1", "to": "DSS1 GW", "group": "DSS1" },
        { "from": "DSS1 GW", "to": "DSS1 RTU", "group": "DSS1" },
        { "from": "DSS1 RTU", "to": "DSS1 15"},
        { "from": "DSS1 RTU", "to": "DSS1 16"},
        { "from": "DSS1 RTU", "to": "DSS1 19"},
        { "from": "DSS1 RTU", "to": "DSS1 23"},
        { "from": "DSS1 RTU", "to": "DSS1 24"},
        { "from": "DPS GW", "to": "DPS RS" },
        { "from": "DPS RS", "to": "DPS HV" },
        { "from": "DPS RS", "to": "DPS MV" },
        { "from": "DPS RS", "to": "DPS HMI 1.1.3.10" },
        { "from": "DPS HV", "to": "IED1 1.1.3.1" },
        { "from": "DPS HV", "to": "IED2 1.1.3.2" },
        { "from": "DPS MV", "to": "IED3 1.1.3.3" },
        { "from": "DPS MV", "to": "IED4 1.1.3.4" },
        { "from": "WAN R2", "to": "DSS2 GW" },
        { "from": "DSS2 GW", "to": "DSS2 RTU" },
        { "from": "DSS2 RTU", "to": "DSS2 15"},
        { "from": "DSS2 RTU", "to": "DSS2 16"},
        { "from": "DSS2 RTU", "to": "DSS2 19"},
        { "from": "DSS2 RTU", "to": "DSS2 23"},
        { "from": "DSS2 RTU", "to": "DSS2 24"},
	{ "from": "IED1 1.1.3.1", "to": "Circuit Breaker HV"},
        { "from": "IED4 1.1.3.4", "to": "Circuit Breaker MV"}
    ]
  }
  